Duration,x^0,x^1,x^2,x^3,x^4,x^5,x^6,x^7,y^0,y^1,y^2,y^3,y^4,y^5,y^6,y^7,z^0,z^1,z^2,z^3,z^4,z^5,z^6,z^7,yaw^0,yaw^1,yaw^2,yaw^3,yaw^4,yaw^5,yaw^6,yaw^7
2.26589,0,0,0,0,0,0,0,0,0,0,0,0,-0.25425,0.180721,-0.0482808,0.00470252,1,0,0,0,0,0,0,0,0,0,0,0,0,0,0,0
2.1609,0,0,0,0,0,0,0,0,-1,-0.859697,1.04056e-14,0.0792492,-0.0478932,0.110379,-0.0620824,0.0101018,1,0,0,0,0,0,0,0,0,0,0,0,0,0,0,0
